Index,Texte précédent,Mot,Texte suivant
1,. La conscience de la menace est la première condition de l' acceptabilité de la réforme . La chef du,gouvernement,"n' a pas cherché non plus à minimiser ce que ce passage , progressif , aux 64 ans avait d'"
2,"parentaux , de l' extension du minimum contributif à tous les retraités au nouveau dispositif sur la pénibilité , le",gouvernement,veut convaincre que la copie présentée en Conseil des ministres le 23 janvier n' est pas la simple transposition du
3,"de manifestants et le nombre de jours de grèves , personne ne sait appréhender une conflictualité non encadrée . Le",gouvernement,redoute un mouvement style « gilets jaunes » déclenché par une question de pouvoir d' achat ; les syndicats ont
4,"réforme , a repris presque toutes leurs conditions . « Il y a des points positifs dans les annonces du",gouvernement,", conformément à ce que nous avions demandé » , reconnaît le président de LR , Éric Ciotti , en"
5,"En deçà , l’ effort ne sera pas à la hauteur » , poursuit -il en demandant une clarification du",gouvernement,". « La seconde , c’ est d’ assurer que ceux qui ont commencé à travailler avant 21 ans puissent"
6,"détails , conclut Olivier Marleix . Nous vérifierons chaque point de manière précise mais nous actons le fait que le",gouvernement,fait l’ effort de venir sur nos propositions . » Refus de la gauche « C’ est une grave récession
7,"du PIB selon les scénarios , soit entre 665 et 903 milliards d' euros , d' après un document du",gouvernement,basé sur les chiffres du Conseil d' orientation des retraites ( COR ) . Ne pas réformer reviendrait à laisser
8,"sera de moins de 1,5 cotisant pour 1 retraité à l' horizon 2040 . Pour rétablir la trajectoire , le",gouvernement,"ne peut agir que sur trois leviers : relever l' âge , augmenter les cotisations ou baisser les pensions ."
9,"exception en Europe : la coalition SPD - Verts l' a porté à 67 ans en Allemagne , et le",gouvernement,"socialiste à 65 ans en Espagne . « Si nous étions à la moyenne des pays européenne , nous économiserions"
10,", de la CVAE pour les entreprises , de la TVA . » Autant de recettes nouvelles qui donneront au",gouvernement,des marges de manoeuvre pour financer d' autres chantiers .
11,"4 ) . Une première journée de mobilisation est prévue le 19 janvier . Pour autant , le projet du",gouvernement,"est « meilleur qu' il ne l' était il y a six mois » , a salué Élisabeth Borne ."
12,"gauche sont vent debout contre le décalage de l' âge légal de départ à la retraite , la chef du",gouvernement,a évoqué « un projet de justice porteur de progrès social » à travers des mesures pour les carrières longues
13,"se faire sans désinformation , sans agiter les peurs » , a d' ores et déjà avancé la chef du",gouvernement,", qui sait que la bataille de l' opinion sera plus difficile que la confrontation au Parlement . Anticiper les"
14,"du Budget , Gabriel Attal , devrait lui aussi se déployer ces prochains jours . Tandis que le porte-parole du",gouvernement,", Olivier Véran , se rendra dès mercredi dans une entreprise des Yvelines pour échanger avec les salariés . Ce"
15,une réforme des retraites . Laissée ensuite de côté par l' irruption de la crise Covid . Au sein du,gouvernement,", on espère toutefois que le pire n' est pas forcément à venir . « Le président a déjà pris"
16,"le système , a réaffirmé Emmanuel Macron lors du Conseil des ministres . Selon Olivier Véran , le porte-parole du",gouvernement,", qui a relayé ses propos , le président a appelé ses ministres à la « mobilisation » pour «"
17,"MoDem , qui plaide pour une augmentation des cotisations de l' employeur . « Je sais très bien que le",gouvernement,"n' est pas de cet avis , mais mon idée n' est pas de le gêner ni de le mettre"
18,"Le Point , Édouard Philippe a sobrement salué les arbitrages de l' exécutif . « Si la mesure que le",gouvernement,"propose a le même effet sur l' équilibre qu' un report à 65 ans , très bien » , a"
19,"au mois de mai sur le thème de la « fracture sociale » , Jacques Chirac active sans attendre son",gouvernement,. Le « plan Juppé » - du nom du premier ministre d' alors - est annoncé dès le 15
20,"dans l' Hémicycle . Les discussions sont électriques , la pression est palpable , mais la majorité dont dispose le",gouvernement,"résiste et le texte est adopté à l' été . Sept ans plus tard , Éric Woerth , ministre du"
21,Des opposants au projet du,gouvernement,affirment que la réforme serait une exigence de Bruxelles . Qu' en est -il en réalité ? « C' est
22,"Début janvier , la députée de La France insoumise ( LFI ) avait affirmé sur LCI que l' objectif du",gouvernement,n' était « pas de sauver le système des retraites mais de répondre aux 3 % de Bruxelles » .
23,. Emmanuel Macron déambule seul . Comme isolé . Loin du fracas de la réforme des retraites alors que son,gouvernement,"s' apprête à affronter , trois jours plus tard , la deuxième journée de manifestation . « Le président est"
24,dans son entourage . La suite ne dépend plus de lui désormais puisque c' est devant le Parlement que le,gouvernement,"défend la réforme . » Alors , pendant ce temps , Emmanuel Macron vaque à ses occupations de président ,"
25,million ) semble écarté . « Une manifestation ou une mobilisation repose sur le fait de se demander si le,gouvernement,"ira jusqu' au bout » , explique un ministre . Pour l' heure , l' exécutif fait assaut de volontarisme"
26,"crise des « gilets jaunes » ( 74 % ) . Un « M. ZFE » Pour autant , le",gouvernement,s' interroge quant à la perspective qu' une étincelle venue d' un sujet connexe vienne enflammer tout le débat public
27,"de la droite dans la construction de la réforme des retraites , certains députés restent fortement hostiles au texte du",gouvernement,. Les ténors LR se félicitent d' avoir su imposer leurs « exigences » à Élisabeth Borne mais certains élus
28,certains élus continuent d' exprimer leurs réticences . Aurélien Pradié pose trois conditions et pressent une « entourloupe » du,gouvernement,", comme il l' a confié au journal Le Point , samedi . Dans les Vosges , Stéphane Viry considère"
29,"la vingtaine d' élus mal à l' aise avec ce texte , y compris autour de Laurent Wauquiez . Ce",gouvernement,"n' a toujours pas compris qu' il ne suffit pas de traiter avec Éric Ciotti , Bruno Retailleau et Olivier"
30,les « quarante voix » de la droite attendues par Borne ne sont pas acquises . Le parlementaire reproche au,gouvernement,de parler « beaucoup » de concertation en ayant tout construit « entre Noël et l' Épiphanie » . «
31,si tout indique qu' il n' a pas l' intention d' y apporter sa voix . Si d' aventure le,gouvernement,"décidait de passer par un 49.3 pour faire adopter sa réforme , ce serait alors un « casus belli »"
32,invite chacun à mesurer la réforme à la lumière des expertises de la droite et des études d' impact du,gouvernement,". « Au - delà des postures et sans accorder de blanc-seing à n' importe quel prix , nous allons"
33,"entièrement examiné , le projet de loi est alors directement transmis en l’ état au Sénat , sans que le",gouvernement,n’ ait besoin de passer en force en ayant recours à l’ article 49.3 de la Constitution . Et sans
34,"Ainsi , les aides - soignantes partiront à 59 ans au lieu de 57 ans . En revanche , le",gouvernement,n' a pas modifié l' âge d' annulation de la décote ( il reste à 62 ou 57 ans pour
35,"les cotisants de 2043 » , alerte l’ Unaf ( Union nationale des associations familiales ) , qui invite le",gouvernement,"à se saisir de l’«enjeu national » de la natalité , « indispensable pour préserver la solidarité entre générations »"
36,"retraités , les chômeurs ... Ainsi , la proposition d' un minimum à 85 % du smic est venue du",gouvernement,et pas des syndicats . Un choc d' offre positif La troisième justification macronienne consiste à présenter la réforme des
37,"exécutif . La scénographie a beau être habituelle , elle n' en demeure pas moins source d' inquiétude pour le",gouvernement,", qui joue sur le registre de l' humilité et de la détermination en même temps . « C' est"
38,aux éventuels débordements . Car la journée de jeudi conditionnera en partie l' avenir de la réforme . Si le,gouvernement,"affiche pour l' heure sa volonté d' aller au bout , certaines voix reconnaissent hors micro que toutes les hypothèses"
39,"il y a trois millions de personnes dans la rue , on verra » , confie un poids lourd du",gouvernement,". Au risque de voir le piège des pronostics se refermer sur l' exécutif . « Fixer un objectif ,"
40,"un retournement de situation . « Sur le nucléaire , l' opinion a complètement basculé , observe un membre du",gouvernement,". On peut connaître le même phénomène sur les retraites , mais c' est loin d' être le plus probable"
41,les cortèges » .Comme le résumait Jean-Luc Mélenchon à Marseille avant le départ de la manifestation parisienne : « Le,gouvernement,a perdu sa première bataille » . D' autres sont à venir . À la démonstration de force des syndicats
42,d' une nouvelle journée de manifestation . Avec pour objectif d' amplifier la mobilisation pour accroître la pression sur le,gouvernement,". « La réforme des retraites , c' est comme le passage du cap Horn . Soit le bateau casse"
43,"soit il passe . On est partis pour cinquante jours de gros temps » , résume un poids lourd du",gouvernement,. Soit le temps dont dispose le Parlement pour adopter le texte après sa présentation en Conseil des ministres le
44,Alors que les syndicats affichent leur cohésion contre la réforme du,gouvernement,", la gauche se divise . Sur un char du syndicat SUD Solidaires , une enfant d’ une dizaine d’"
45,", Autain est impressionnée par ce fleuve qui semble déborder de son lit . La pression est forte sur le",gouvernement,". Elle est aussi forte sur les responsables de la gauche , de LFI en crise à un PS qui"
46,Sebaihi prévoit ainsi d’ y être . « Il faut soutenir tout ce qui peut permettre de faire plier le,gouvernement,sur cette réforme totalement injuste et égoïste . » Avec un avertissement à l’ adresse de tous : « S’
47,LE SIMULATEUR de retraites du,gouvernement,"fonctionne à plein régime , mais , face à la réforme , les Français semblent toujours aussi remontés . Calcul"
48,Alors que,gouvernement,d' un côté et syndicats de l' autre s' apprêtent à se lancer dans un de ces bras de fer
49,"d’ idées pour « améliorer » le texte lors du débat à l’ Assemblée , la marge de manœuvre du",gouvernement,est faible . Difficile pour Élisabeth Borne de rajouter des mesures « sucrées » pour contrebalancer la mesure « salée
50,"manquer de responsabilité vis-à-vis des générations à venir » , a plaidé Olivier Dussopt . Autre concession majeure : le",gouvernement,qui avait promis de revaloriser les petites retraites à 85 % du smic brut pour les nouveaux retraités ( le
51,"euros en 2027 et de 1,7 milliard en 2030 , d’ après l’ étude d’ impact . Saisi par le",gouvernement,", le Haut Conseil des finances publiques estime que le relèvement de trois mois de l’ âge de départ à"
52,sur les finances publiques compte tenu « du caractère incomplet des informations » qui lui ont été transmises par le,gouvernement,. Il rappelle cependant que le retour à des niveaux de dette permettant à la France de disposer de marges
53,et aux besoins d’ investissement public liés notamment aux enjeux climatiques » . D’ autant que le scénario macroéconomique du,gouvernement,est jugé optimiste . Le Haut Conseil juge que la prévision de croissance ( + 1 % ) dans le
54,"projet de loi de financement de la Sécurité sociale rectificatif ( PLFSSR ) reste élevée . Justifiée , selon le",gouvernement,", par la résilience de l’ économie française au troisième trimestre 2022 et l’ acquis de croissance pour 2023 ,"
55,"la durée de cotisation ni l’ âge de départ à la retraite , mais c’ est la responsabilité de mon",gouvernement,", c’ est ma responsabilité , de garantir l’ avenir » du système par répartition . Même si , elle"
56,Mais les marges de manœuvre sont restreintes alors que l’ opinion se focalise sur le seul âge légal . Le,gouvernement,"ne veut pas davantage se pencher sur la durée légale du travail hebdomadaire , soulevée par son allié du MoDem"
57,". Pour ne pas rogner sur le pouvoir d’ achat des salariés qui font des heures supplémentaires , « le",gouvernement,"n’ a aucune intention d’ ouvrir un débat sur les 35 heures » , a tranché la première ministre en"
58,", a -t -elle poursuivi au moment où de plus en plus de responsables macronistes émettent des nuances . Le",gouvernement,"a pour lui l’ arme de l’ article 47 - 1 de la Constitution , qui lui permettra d’ examiner"
59,"encore « un débat lisible , projet contre projet » . D’ ici le début du rendez-vous parlementaire , le",gouvernement,"aura à affronter une deuxième journée de manifestations syndicales , le 31 janvier . « On verra si ( le"
60,qui ont eu des carrières hachées ou interrompues sont certes les premières bénéficiaires des mesures de solidarité prévues par le,gouvernement,. Elles bénéficient du maintien de l’ âge d’ annulation de la décote à 67 ans ( elles sont 20
61,pour liquider à taux plein ) . Elles seront également les premières gagnantes du relèvement des petites pensions . Le,gouvernement,a également annoncé la prise en compte des congés parentaux pour le calcul de la durée pour les carrières longues
62,Emmanuel Macron faire le « sale boulot » . LR retrouve ainsi à moindres frais un statut de parti de,gouvernement,. D' autant que son objectif le plus porteur est de regagner une grande part des électeurs que l' on
63,"- le , inéligible lors de la présidentielle à venir . Que penser de l' attitude des Républicains poussant le",gouvernement,à réduire les ambitions de son texte ? Leur jeu a aussi consisté à être plus proches des préoccupations des
64,Un futur déficit éventuel nécessitera -t -il à nouveau de réformer les retraites ? Silence radio de la part du,gouvernement,", qui élude systématiquement la question . Tout juste son porte-parole , Olivier Véran , ose -t -il déclarer :"
65,"petits pas , afin d' éviter de gripper la société . D' un côté , le système politique majoritaire –",gouvernement,et oppositions qui sont face à face – ne se prête pas à la culture du compromis . De l'
66,"âge légal – , ont gardé un pouvoir de nuisance non négligeable . Ces cartes étant dans les mains du",gouvernement,", l' exécutif sait qu' il ne peut pas aller trop loin sur cette réforme . Au risque de brusquer"
67,"lors de la crise des gilets jaunes . Au risque , aussi , de bloquer le pays , comme le",gouvernement,"Juppé en 1995 . Au risque , enfin ... de devoir revenir sur ce dossier éruptif que sont les retraites"
68,"réforme « inutile » . En revanche , l' économiste met en doute « l' urgence » affichée par le",gouvernement,": « Nous ne sommes pas dans une situation qui nécessiterait de la faire tout de suite » , estime"
69,"l' économiste à l' OFCE , « il aurait fallu attendre que l' économie se soit stabilisée » . Le",gouvernement,"cherche davantage , avec cette réforme , à « protéger les finances publiques et rassurer les marchés financiers » ,"
70,", expliquant qu' il se basait sur « les données , pour les régimes de base , fournies par le",gouvernement,"» . En outre , pointe Nicolas Marques , « on ne peut pas se réjouir que les dépenses de"
71,"lié aux fonctionnaires . Ainsi , à la question de la nécessité d' une réforme telle que proposée par le",gouvernement,", il s' agit d' un choix politique qui s' avère défendable d' un point de vue financier ."
72,". La première concerne , sans surprise , l' âge de 64 ans instauré par la réforme des retraites du",gouvernement,. « Les saisonniers ont des métiers intenses et on ne peut pas demander à un salarié des remontées mécaniques
73,"de saisonniers dans les dix années à venir » , alerte Eric Becker . Il attend désormais une réponse du",gouvernement,d' ici le 7 mars et « n' exclut pas de durcir le mouvement » si rien ne se passe
74,explique probablement par le fait que plus de la moitié des sondés ( 58 % ) veut croire que le,gouvernement,va « plier » . « Une modification du texte » Cela n' implique pas forcément d' abandonner carrément la
75,"en cinquante jours , dont seulement vingt pour la première lecture au Palais Bourbon . Une règle qui permet au",gouvernement,", passé le délai de vingt jours , de saisir le Sénat sans même qu' il n' y ait besoin"
76,"députés de la Nupes . « Après le 49.3 , le 47 - 1 est une nouvelle manière pour le",gouvernement,"de passer en force sans débattre » , cingle par exemple le député communiste Pierre Dharréville . « Cela paraît"
77,"45 heures , 13 séances ) . Mais l' opposition n' en démord pas , la méthode choisie par le",gouvernement,pour cette réforme les contraint . « Cela nous empêche de dérouler notre projet car le débat va durer trois
78,"la droite est surreprésentée en CMP . À partir de là , il serait d' une simplicité enfantine pour le",gouvernement,"de toper avec eux » , analyse un socialiste . En cas d' accord , le projet de loi issu"
79,la grève . Du classique en ce qui concerne une réforme des retraites depuis des années en France . Au,gouvernement,"on ne croit pas , à ce moment -là , au blocage du pays et donc du projet . Il"
80,d’ ailleurs l’ espoir de la gauche de faire se lever les Français contre lui sur ce thème . Au,gouvernement,"comme dans l’ opposition , tout le monde a compris que le malaise français venait du rapport au travail ,"
81,", une dizaine d’ entre eux ont fait savoir qu’ ils pourraient ne pas voter en faveur du texte du",gouvernement,". Dans la majorité , on a bien noté le comportement hostile de Xavier Bertrand , le patron de la"
82,"hésitants , notamment ceux sensibles aux protestations de l’ électorat populaire sur leurs terres électorales . Or , si le",gouvernement,"veut éviter le recours au couperet de l’ article 49 - 3 , il a besoin non seulement que sa"
83,"ce cas -là » , estime un élu - , aucun groupe des oppositions ne le souhaite . Si le",gouvernement,a recours à l’ article 47 - 1 ( si le texte à l’ Assemblée n’ est pas adopté en
84,"sera néanmoins adoptée avec le soutien de la CFDT , dirigée par François Chérèque , après des négociations avec le",gouvernement,"sur la pénibilité . La CGT de Bernard Thibault défile , mais n’ appelle pas à la grève générale ."
85,années . Un autre élément met en sourdine les envies des conducteurs de la RATP d' en découdre avec le,gouvernement,: si la réforme des retraites doit s' appliquer dès le 1er septembre 2023 pour les employés du secteur privé
86,"autres éléments du statut ne sont pas remis en cause . Et , avec la clause du grand-père , le",gouvernement,a garanti aux collaborateurs actuels de la Régie qu' ils auraient toujours droit au régime spécial . Faire grève pour
87,leurs interrogations logiques même si les trois conditions préalables qui avaient été posées par la droite sur la table du,gouvernement,"ont été acceptées ( revalorisation à 1 200 euros , impossibilité d’ un hold - up sur les réserves du"
88,"ici là d’ autres paramètres vont s’ inviter , comme la contestation sociale , la poursuite du dialogue avec le",gouvernement,"et même les prochaines discussions internes , comme celle prévue demain , rue de Vaugirard , dans un format resserré"
89,", la droite n’ a pas l’ intention d’ assumer la responsabilité d’ un échec éventuel . « Si le",gouvernement,"n’ arrive pas à mettre en œuvre cette réforme , il ne faudra pas nous l’ imputer . Nous avons"
90,"avons essayé de la rendre moins brutale , plus juste et mieux acceptable . Le reste est l’ affaire du",gouvernement,"» , prévient la députée du Doubs . Nombre de LR continuent de croire que cette réforme est indispensable ,"
91,attendent à tous les scénarios . Le chef de file de la droite à l’ Assemblée estime déjà que le,gouvernement,pourrait se heurter à « ses propres incohérences politiques et économiques » . « Personne ne voit Emmanuel Macron dans
92,"Les manifestations et les grèves , ce mardi , seront suivies de près par le",gouvernement,"et le chef de l’ État , qui entendent rester inflexibles . L’ hostilité persistante à la réforme des retraites"
93,"Mais « s’ il y a plus de monde , ce sera problématique » , s’ inquiète un membre du",gouvernement,. Emmanuel Macron n’ entend pas pour autant flancher . Tout en laissant sa première ministre et son gouvernement se
94,du gouvernement . Emmanuel Macron n’ entend pas pour autant flancher . Tout en laissant sa première ministre et son,gouvernement,"se débattre face aux manifestants . « Le président choisira son moment pour s’ exprimer , s’ il doit le"
95,"brandi pendant la campagne présidentielle . Lors d’ une réunion organisée à Matignon , dimanche soir , la chef du",gouvernement,a invité les ministres présents à être « à l’ offensive » et à « monter au front » .
96,"pour ne pas faire déborder le vase de la mobilisation » , selon l’ analyse faite par un membre du",gouvernement,. Un conseiller abonde : « Les seniors et les femmes ce sont les seuls points qui peuvent évoluer lors
97,"d’ autres édiles en France , de fermer l’ hôtel de ville de Paris . Une action critiquée par le",gouvernement,". « Ils confondent leur fonction et leurs convictions » , s’ est agacé un ministre , dénonçant une action"
98,"Palais Bourbon . Secrétaire national du PCF , Fabien Roussel , présent dans le cortège parisien , a accusé le",gouvernement,"de « fracturer durement » le pays . Depuis Marseille où il s’ était rendu , comme le 19 janvier"
99,"des retraites ? Le scénario que l’ exécutif redoutait , une mobilisation en hausse , est devenu réalité . Le",gouvernement,est contraint d’ adapter son récit . Après celui d’ une réforme qui financera les prochains grands chantiers du pays
100,budgétaire … ) . Les positions évasives du Conseil d’ orientation des retraites ( COR ) n’ aident pas le,gouvernement,à cadrer le débat . Au point que la première ministre s’ est interrogée lors de ses vœux à la
101,voient d’ un bon œil le potentiel blocage du pays « car c’ est le seul moyen pour que le,gouvernement,"retire ou modifie sa réforme » . C’ est trois points de plus en une semaine , bien que se"
102,"du texte en séance publique au Palais Bourbon , lundi . Après une bataille de l’ opinion perdue , le",gouvernement,ne peut pas se permettre des déconvenues dans l’ Hémicycle .
103,ça casse . « Le président est dans le temps long et garant de l’ agenda des réformes . Son,gouvernement,"est missionné pour porter la réforme des retraites , mais lui doit réaliser l’ ensemble des engagements qu’ il a"
104,voter la réforme des retraites malgré leurs états d’ âme . « Ils ont les clés pour faire tomber le,gouvernement,", reconnaît un ministre . Mais ils sont ceux qui y ont le moins intérêt . » Ensuite pour renvoyer"
105,"janvier , jour de lancement des grandes manifestations , quand lui se trouvait en Espagne avec une bonne partie du",gouvernement,"pour signer des accords de coopération diplomatique . Autant de cartes postales qui visent , espère -t -il , à"
106,"mardi des « grèves plus dures , plus nombreuses , plus massives , et reconductibles » . « Si le",gouvernement,"persiste à ne pas écouter , forcément il faudra monter d’ un cran » , a mis en garde le"
107,"est à portée de main » , a complété le secrétaire national du PCF , Fabien Roussel . « Le",gouvernement,"est dans une impasse et sa majorité est en train de se fissurer , croit savoir de son côté la"
108,durée . Le soutien impassible de l’ opinion publique aux blocages engendrés finit par semer le doute au sein du,gouvernement,". Les Français , toujours plus nombreux dans les rues , sont jugés trop hostiles , et le président Jacques"
109,"socialiste , Olivier Faure , a résumé sur LCI la situation en une interrogation . « Est -ce qu’ un",gouvernement,"peut gouverner contre l’ opinion ? Contre celles et ceux qui sont , en fait , le vrai souverain ?"
110,"mort tragique de Malik Oussekine , 22 ans , lors d’ une intervention des forces de l’ ordre , le",gouvernement,"met fin à son ambition . L’ incident est loin d’ être anodin , et se retrouve même « très"
111,"( CPE ) pour les jeunes de moins de 26 ans . La contestation dure plusieurs semaines , et le",gouvernement,", qui publie la loi au Journal officiel , finit par la retirer . « Ce recul a été une"
112,"arborant une chasuble Solidaires rose battait le pavé aux côtés de sa collègue , Patricia : si le projet du",gouvernement,"passe , tous deux devront travailler quelques années de plus . Une mesure qui , ajoutée à une inflation écrasante"
113,"a pu gonfler les cortèges . De même , les cadres sont plus nombreux que prévu à s' opposer au",gouvernement,": « On voit un frémissement chez eux , c' est un élément assez nouveau , leurs revendications et comportements"
114,Et au cours de laquelle certains détectent une montée d' un antimacronisme . « Le mécontentement à l' égard du,gouvernement,"est évident » , souffle Jimmy Pahun . Si bien qu' un poids lourd du camp Macron s' inquiète :"
115,", souffle un syndicaliste . Un leader syndical se montre toutefois moins affirmatif : si les opposants perdent face au",gouvernement,", rien ne dit que les manifestants , furieux , rentreront chez eux , ou que la mobilisation ne changera"
116,"une que l' autre . Le seul pacte à nouer , c' est avec les Français , pas avec le",gouvernement,". Pour l' avenir , la droite ne fera rien de grand , ni pour elle ni pour le pays"
117,"n' accepte pas cette réforme des retraites , appuie Fabien Di Filippo , clairement opposé au projet de loi du",gouvernement,. Elle nous dit : « Pourquoi le gouvernement demande toujours des efforts aux mêmes et fait des chèques toujours
118,"Fabien Di Filippo , clairement opposé au projet de loi du gouvernement . Elle nous dit : « Pourquoi le",gouvernement,demande toujours des efforts aux mêmes et fait des chèques toujours aux mêmes ? » Il faut d' abord en
119,cartes dans sa manche . Satisfaction pour les syndicats : les cortèges n’ ont pas décru . Soulagement pour le,gouvernement,": ils n’ ont pas progressé non plus . Voulue de longue date par Jean-Luc Mélenchon , proposée par Laurent"
120,"de la Banque de France , par exemple . Significatif renversement des priorités politiques . Mais cela conduit aussi le",gouvernement,"à adapter son discours . « La réforme , c’ est pour ne pas mettre en danger le paiement de"
121,la CFDT . L' ombre d' une grève reconductible Les organisations syndicales préviennent toutefois que « si malgré tout le,gouvernement,"et les parlementaires restaient sourds à la contestation populaire , l' intersyndicale appellerait les travailleurs et les travailleuses , les"
122,"anti-capitalisme . C' est cela notre France contemporaine , servile et révoltée , indocile et obséquieuse , demandant tout au",gouvernement,"qu' elle fustige en même temps , dans une relation adolescente de rébellion / soumission . En panne de destin"
123,"la motion du parti n' avait rien de contraignant , elle a permis au président des LR de montrer au",gouvernement,qu' une majorité de parlementaires le suivait et voterait ce texte . Et de réaffirmer ainsi son autorité sur le
124,"Je l' ai déjà dit et redit . » Quelques heures plus tard , lors des séances d' actualité du",gouvernement,", les parlementaires LR ont tout de suite perçu qu' Élisabeth Borne prenait la peine de répondre personnellement à la"
125,"ans , puis ce mardi sur ceux qui débutent entre 17 et 20 ans . « Il faut que le",gouvernement,"avance sur la totalité du sujet des carrières longues et je le saluerai » , affirme le député du Lot"
126,"Les étudiants qui n' ont rien demandé subissent , déplore -t -il . Ils gênent plus les étudiants que le",gouvernement,"» . L' UNI , syndicat de la droite étudiante , dénonce quant à lui la présence « de nombreux"
127,"Élisabeth Borne à de nouveaux reculs sur le dispositif carrières longues . Surtout , cela n' a pas empêché le",gouvernement,"d' être mis en échec le soir même sur son index senior , à l' Assemblée nationale . C' est"
128,"soutien à cette mesure , ou au moins , une abstention . Avec un objectif : ne pas braquer le",gouvernement,", avec lequel un accord sur la réforme a été scellé , sur la base d' intérêts communs . Mais"
129,dire un observateur de nos débats récurrents autour de la retraite . Non pas que la réforme proposée par le,gouvernement,soit exempte de toute critique . Ayant défendu le changement systémique inspiré des Scandinaves ( la retraite à points )
130,deux bonnes raisons de réformer notre système de retraite . Je ne dis pas de le réformer tel que le,gouvernement,"le propose , mais en tous les cas d' allonger la période de travail . La première , c' est"
131,"venir à s' arrêter si la grève durait . Recours à l' importation Dans ce cas de figure , le",gouvernement,"pourrait abattre la carte des réquisitions de personnel , comme il avait fini par le faire en octobre dernier ,"
132,"on ne laisserait pas cela faire » , a déclaré le ministre des Transports mercredi matin , indiquant que le",gouvernement,dispose de « tous les outils juridiques pour intervenir » . Un spécialiste se risque à pronostiquer qu' il faudrait
133,d' octobre a démarré alors que les stocks étaient exceptionnellement bas en raison des ristournes cumulées de TotalEnergies et du,gouvernement,"sur les carburants . Aujourd'hui , les stocks sont pleins » , poursuit -il . La mobilisation n' est pas"
134,"Après quinze jours de débats tumultueux à l' Assemblée nationale , le projet de loi du",gouvernement,"sur les retraites arrive au Sénat , en commission ce 28 février et le 2 mars en séance publique ."
135,"Sénat tâchera de donner une autre image avec des débats de fond , en complétant le projet de loi du",gouvernement,". Nous allons nous efforcer d' arriver à un vote clair » , plaide -t -il . En raison de"
136,", plaide -t -il . En raison de l' article 47 - 1 de la Constitution , utilisé par le",gouvernement,", et faute de vote à l' Assemblée nationale , les sénateurs plancheront donc sur le projet de loi du"
137,", et faute de vote à l' Assemblée nationale , les sénateurs plancheront donc sur le projet de loi du",gouvernement,", complété des amendements que l' exécutif a bien voulu retenir . Et la majorité sénatoriale a la ferme intention"
138,sur la durée de cotisation et l' âge de départ légal à la retraite . De quoi faire espérer le,gouvernement,". Élisabeth Borne a d' ailleurs échangé vendredi avec le président du Sénat , Gérard Larcher , ainsi que les"
139,"des femmes - lors de l' examen du texte . Interrogé sur France Inter jeudi dernier , le porte-parole du",gouvernement,", Olivier Véran , a fait le « constat » que le parti Les Républicains au Sénat avait « déjà"
140,"va coûter très cher » , regrette Hervé Marseille en faisant le calcul de tous les points sur lesquels le",gouvernement,"a lâché . Samedi , en marge d' un déplacement au Salon de l' agriculture , le président de la"
141,"Retailleau . Elles ont permis de consolider notre modèle , et là elles se retrouvent fragilisées par le projet du",gouvernement,. » Un point sur lequel les sénateurs de l' Union centriste comptent bien aussi se faire entendre . Le
142,"bouger » sur ce point précis . Dimanche , sur BFMTV , le ministre du Travail a précisé que le",gouvernement,"était « d' accord et ouvert » , concédant qu ' « avoir des âges de départ différenciés entre les"
143,"farouche opposition , les différents groupes de gauche du Sénat attendent eux aussi de retravailler le projet de loi du",gouvernement,. Et ne souhaitent pas se livrer au même « cirque » - dixit Patrick Kanner - que les Insoumis
144,sont intervenus » . Un scénario redouté par la gauche . « Les débats ont déjà été contraints par le,gouvernement,". J' espère que Gérard Larcher ne choisira pas de faire de l' obstruction en nous censurant » , tance"
145,Le troisième gagnant du débat est un absent : il s' agit de la capitalisation . Une option que le,gouvernement,n' a pas explorée . L' incipit de sa réforme est au contraire de défendre la survie de la répartition
146,"prévu pour 2030 . « Préserver notre système de retraite par répartition » , c’ est la motivation que le",gouvernement,"ne cesse de mettre en avant pour défendre sa très décriée réforme des retraites . Depuis de nombreuses semaines ,"
147,". L’ objectif affiché de la réforme est de combler ce trou . Et , pour y parvenir , le",gouvernement,compte sur le report de deux ans de l’ âge légal du départ à la retraite assorti de l’ augmentation
148,"euros , soit de quoi laisser en théorie 4,2 milliards de marge . Or , depuis quelques semaines , le",gouvernement,"semble avoir desserré les cordons de la bourse . Et à force de multiplier les concessions coûteuses , il pourrait"
149,une surcote de pension de 5 % pour les mères de famille . Cette mesure regardée avec intérêt par le,gouvernement,"coûterait au bas mot « 300 millions d’ euros » , selon Bruno Retailleau . La facture du CDI senior"
150,"débat sur ce système par capitalisation » , a accordé Olivier Dussopt . Le rapport doit être remis par le",gouvernement,au Parlement avant octobre .
151,". Retrouver la maîtrise du travail La question n' est pas ou pas seulement , de savoir qui , du",gouvernement,"ou des syndicats , l' emportera sur la question des 64 ans , c' est de sortir de cette crise"
152,"Julie , cadre dans l’ esthétique , s’ énerve les jours de grève , ce n’ est pas contre le",gouvernement,", mais contre « ces gens qui nous empêchent de travailler » : « Évidemment , on a plein d’"
153,"est pas à exclure du champ des possibles . Pour certains , c' est l' hypothèque issue d' un éventuel",gouvernement,"des juges . Pour d' autres , c' est une hypothèse découlant du travail respectable des Sages . Un texte"
154,"bourses . Enfin , vendredi , sera organisé un rassemblement autour de la question du dérèglement climatique . « Le",gouvernement,"aura l' avenir des jeunes dans ses mains cette semaine » , conclut la présidente de l' Unef , Imane"
155,", lorsque 1 à 2 millions de personnes avaient battu le pavé . « Depuis de nombreux mois , le",gouvernement,"espère sans doute que les Français finiront par se lasser des mobilisations » , pointe Gaël Sliman , directeur d'"
156,", dans ce bras de fer avec l' intersyndicale , les études d' opinion confirment semaine après semaine que le",gouvernement,a déjà perdu la bataille de l' image . « Les manifestations deviennent de plus en plus celles d' un
157,", où l' on met tout le monde autour de la table » . Et ce , alors que le",gouvernement,"prépare pour le printemps une loi « plein - emploi » . De fait , si le chômage était la"
158,"de la sérénité . Une carte d’ autant plus nécessaire que , jusqu’ au sein de la majorité et du",gouvernement,", elle semble bien seule à en faire preuve . La sérénité , c’ est aussi ne pas anticiper un"
159,"soirée , Olivier Dussopt , qui venait de passer dix jours non-stop dans l' Hémicycle pour défendre le texte du",gouvernement,", est apparu tout sourire à la reprise de séance . Presque détendu . Il est 21 h 30 ,"
160,"la majorité , et sur lequel la gauche comptait faire de l' obstruction pour gagner du temps . Mais le",gouvernement,"n' ayant pas retenu cette modification , le sujet n' a donc pas été débattu . « Je pressentais un"
161,puis à l' Assemblée pour un vote définitif . Avec une issue encore très incertaine . À moins que le,gouvernement,n' engage sa responsabilité en ayant recours à l' article 49.3 ...
162,y va de son pronostic mais seule la vérité du scrutin fera foi . Le risque est grand pour le,gouvernement,", qui n' est pas certain de pouvoir compter sur toutes ses troupes ni sur tous ses alliés de circonstance"
163,meilleur des cas disposer que de 50 voix favorables . Les Républicains ( 35/61 ) L' allié de circonstance du,gouvernement,"pour cette réforme reste très divisé sur la question des retraites . Sur 61 députés , « 21 à 24"
164,"député LR , ajoutant que les autres se situent parmi les hésitants . Depuis quelques jours , plusieurs ministres du",gouvernement,tentent de convaincre les indécis . « Peut - être que certains contre vont basculer dans l' abstention et certains
165,"281 voix favorables et devra subir 278 votes contre . Une très courte majorité donc , qui ferait courir au",gouvernement,le risque d' un rejet du texte dans le cas où certains élus hésitants viendraient à voter contre et ou
166,"trouvé , le texte sera soumis au vote dès jeudi matin dans les deux Chambres . À moins que le",gouvernement,"ne s’ y oppose fermement . «Cela s’ est déjà produit durant la crise Covid , lorsqu’ une CMP avait"
167,"une CMP avait supprimé le passe sanitaire pour les centres commerciaux » , se remémore un ministre . « Le",gouvernement,"avait alors “ dénoncé ” et réécrit le texte , avec l’ accord des parlementaires concernés . » Selon lui"
168,"à 60 ans depuis 1982 . Mais la grande crise financière de 2008 est passée par là , obligeant le",gouvernement,"à trouver de nouvelles sources de financement . Éric Woerth , ministre du Travail et de la Fonction publique ,"
169,"entre le printemps et l' automne , les cortèges dépassant le chiffre de 3 millions de manifestants . Mais le",gouvernement,"de François Fillon n' a pas cédé et la réforme , votée le 27 octobre , fut promulguée le 10"
170,sur les revenus du capital . Reste donc la solution de l' allongement de la durée de cotisation . Le,gouvernement,"s' avance prudemment . Le 16 mai , les premières pistes sont transmises aux partenaires sociaux . L' augmentation de"
171,"à 13,8 % dans la fonction publique . Patron de la CGT , Bernard Thibault prévient : « Si le",gouvernement,"ignore ou minore la signification de cette première journée de mobilisation , il prend le risque d' un conflit de"
172,"lors du remaniement du 14 novembre 2010 , au lendemain de la promulgation du texte , Éric Woerth quitte le",gouvernement,. Il est remplacé au Travail par Xavier Bertrand . Le cap des 3 millions franchi en octobre Mais avant
173,"force . Le 49.3 , une ligne rouge pour 3/4 des Français Pour adopter son projet de réforme , le",gouvernement,pourrait avoir recours à l’ article 49.3 de la constitution . Cet article permet de faire passer le texte sans
174,constitution . Cet article permet de faire passer le texte sans vote à l’ Assemblée en engageant la responsabilité du,gouvernement,". Vous - même , pensez -vous que cet éventuel recours à l’ article 49.3 serait ... ? « Après"
175,"article 49 , alinéa 3 de la Constitution est pourtant celle qui donnerait le « moins de sueurs froides au",gouvernement,"» , dixit un élu macroniste . « C' est impopulaire , certes , mais prend -on le risque d'"
176,changer d' avis entre aujourd'hui et demain . » Mais dans quel sens ? Et avec quelle issue pour le,gouvernement,en cas de vote ? L' option du 49.3 ne semble pour l' heure pas privilégiée par le gouvernement .
177,le gouvernement en cas de vote ? L' option du 49.3 ne semble pour l' heure pas privilégiée par le,gouvernement,". La première ministre , tout l' exécutif comme les trois présidents de groupe de la majorité relative communiquent depuis"
178,"jours en vertu de l' article 47 - 1 de la Constitution relatif à tous les textes budgétaires , le",gouvernement,n' aurait que jusqu' au 26 mars à minuit pour faire adopter son projet de loi . Une gageure pour
179,"catastrophe » , anticipe un député MoDem . « Il n' y aurait pas beaucoup d' autres solutions pour le",gouvernement,"que de dégainer plusieurs 49.3 pour faire adopter les différentes parties du texte » , informe Anne - Charlène Bezzina"
180,Les erreurs tactiques du,gouvernement,", les divisions au sein des Républicains et le chaos ininterrompu à l’ Assemblée des députés de la Nupes témoignent"
181,"fond de cette réforme , quel fiasco politique ! Avec cette victoire à la Pyrrhus , Emmanuel Macron et son",gouvernement,paient de lourdes fautes d’ analyse . L’ exécutif savait d’ avance qu’ il n’ y a pas de réforme
182,"a péché par naïveté , par présomption et par maladresse . Une image peu glorieuse Mais aux erreurs tactiques du",gouvernement,répond la faute politique des Républicains . Faut -il rappeler que tout ce que LR compte de présidentiables avait défendu
183,est - à - dire faire fi de toute unité et toute autorité interne . Comment rester un parti de,gouvernement,quand on renonce à son ADN gestionnaire et qu’ on n’ a pas les moyens de faire respecter des décisions
184,"par les dix recours successifs au 49.3 lors de l’ examen du budget 2023 cet automne , la chef du",gouvernement,"espérait enfin imprimer sa marque , celle du dialogue et du compromis . Qui plus est autour d’ un texte"
185,texte dès le départ . « Ce n' est pas une vraie surprise . Cette option était prévue puisque le,gouvernement,avait fait le choix d' inscrire ce texte dans le cadre du projet de loi de financement rectificative de la
186,de la Sécurité sociale ( PLFSS ) » .Pointant à son tour un problème de méthode et une incapacité du,gouvernement,"à trouver une majorité , le député d' Eure-et-Loir a ajouté : « On déplore que ça se termine comme"
187,en tête de leurs sites . Les Français ne sont pas les seuls à critiquer le passage en force du,gouvernement,. Les journaux étrangers n' ont pas hésité à s' attaquer à l' image d' Emmanuel Macron . Pour El
188,"anticipé : « Dans quelques jours , je n' en doute pas , à l' engagement de la responsabilité du",gouvernement,", répondront une ou plusieurs motions de censure . » Immédiatement , les adversaires du camp présidentiel ont fait savoir"
189,"micros tendus , Marine Le Pen a affirmé que son groupe y aurait recours : « Il faut censurer le",gouvernement,"et nous espérons que ceux qui s' apprêtaient à voter contre cette réforme des retraites , voteront cette motion de"
190,"restreint : « Nous avons eu des messages du Conseil constitutionnel disant qu' il fallait aller vite , car le",gouvernement,"veut promulguer très vite le texte . On nous tord un peu le bras » , a expliqué mercredi le"
191,"recours au 49.3 , seront encore redoutés ce lundi , après le vote sur les motions de censure contre le",gouvernement,". Si ces dernières n' aboutissent pas , les opposants à la réforme des retraites seront de nouveau dans la"
192,mars l' ont confirmé : de nombreuses préfectures et sous-préfectures de départements ruraux sont extrêmement mobilisées contre le texte du,gouvernement,". Ainsi de Foix ( Ariège ) , où plus de 20 % des habitants de l' agglomération , soit"
193,de personnes . Autre impact visible dans l' Hémicycle : les députés LR qui ont voté pour faire tomber le,gouvernement,sont issus de zones où la contestation est massive . Jean-Pierre Vigier et Isabelle Valentin sont élus de Haute-Loire où
194,", ce n' est qu' en y répondant que la France pourrait trouver un début apaisement . Depuis que le",gouvernement,"a véritablement lancé cette réforme , le rejet n' a jamais varié , ni à la baisse ni à la"
195,"sollicitation » , a répondu Anne Hidalgo , estimant que la situation « est entièrement imputable à la volonté du",gouvernement,"de légiférer pour reculer l' âge légal de départ à la retraite » . Le 16 mars , la Préfecture"
196,"Contrairement à ce que prétend l' extrême gauche à grands cris d' orfraie , aucun autoritarisme de la part du",gouvernement,": les libertés et les droits des individus demeurent garantis , et ont même été renforcés ces dernières années ,"
197,". « La devise de la République est « Liberté , Égalité , Fraternité » . Son principe est :",gouvernement,"du peuple , par le peuple et pour le peuple » , peut -on lire dès l' article 2 de"
